{"cameraMode":{"drawMode":0,"name":"Shaded","section":"Shading Mode"},"sceneLighting":true,"audioPlay":false,"sceneViewState":{"m_AlwaysRefresh":false,"showFog":true,"showSkybox":true,"showFlares":true,"showImageEffects":true,"showParticleSystems":true,"showVisualEffectGraphs":true,"m_FxEnabled":true},"in2DMode":false,"pivot":{"x":10.943292617797852,"y":3.4263081550598146,"z":16.48237419128418},"rotation":{"x":-0.022329075261950494,"y":0.9772917628288269,"z":-0.13454262912273408,"w":-0.16211169958114625},"size":6.405811309814453,"orthographic":false}